id,first_name,last_name,email,gender,ip_address
1,Rochester,Manhood,rmanhood0@gmpg.org,Male,115.29.241.78
2,Elizabet,Flattman,eflattman1@upenn.edu,Female,142.209.101.34
3,Mersey,Taylot,mtaylot2@google.it,Female,112.19.32.138
4,Krystalle,Scotchbrook,kscotchbrook3@illinois.edu,Female,107.255.78.15
5,Stefa,Wilshaw,swilshaw4@sitemeter.com,Female,234.97.47.3
6,Whittaker,Moehle,wmoehle5@imgur.com,Male,233.4.64.27
7,Cece,Casino,ccasino6@blinklist.com,Male,129.103.221.201
8,Shena,Hegley,shegley7@wufoo.com,Female,175.4.74.244
9,Kaile,Stables,kstables8@auda.org.au,Female,181.66.203.46
10,Allys,Goscomb,agoscomb9@home.pl,Female,209.25.30.192
11,Robyn,Stempe,rstempea@apache.org,Female,21.115.219.153
12,Melania,Lawlings,mlawlingsb@bbc.co.uk,Female,96.202.45.210
13,Aland,Bellino,abellinoc@wikispaces.com,Male,108.216.234.172
14,Karilynn,Marchi,kmarchid@imdb.com,Female,228.72.49.92
15,Correy,Ship,cshipe@geocities.com,Male,222.134.115.131
16,Rosene,Clash,rclashf@addtoany.com,Female,245.152.97.196
17,Bayard,Casley,bcasleyg@auda.org.au,Male,182.76.222.242
18,Angus,Ledgerton,aledgertonh@washington.edu,Male,84.133.243.88
19,Roderigo,Greedy,rgreedyi@xinhuanet.com,Male,226.132.209.30
20,Luis,Paddingdon,lpaddingdonj@howstuffworks.com,Male,195.205.38.167
21,Egor,Bonney,ebonneyk@nature.com,Male,239.222.155.195
22,Merci,Swatman,mswatmanl@mediafire.com,Female,73.50.86.245
23,Simone,Egdell,segdellm@w3.org,Male,173.172.68.97
24,Barny,Grzeszczak,bgrzeszczakn@discovery.com,Male,60.100.100.72
25,Wilhelm,Battershall,wbattershallo@prnewswire.com,Male,232.21.214.3
26,Fayette,Hemms,fhemmsp@hud.gov,Female,211.212.240.60
27,Theo,Allington,tallingtonq@tumblr.com,Male,3.209.46.253
28,Pearla,Gadesby,pgadesbyr@netvibes.com,Female,226.86.81.70
29,Shurlock,Cosins,scosinss@zimbio.com,Male,32.162.17.171
30,Christoforo,Humm,chummt@squarespace.com,Male,124.39.145.179
31,Virgie,Etchells,vetchellsu@gov.uk,Male,163.118.193.32
32,Bryana,Munns,bmunnsv@php.net,Female,62.6.98.137
33,Kamila,Sans,ksansw@biblegateway.com,Female,168.83.14.210
34,Sauncho,Gordon,sgordonx@goo.gl,Male,63.166.60.241
35,Kikelia,Croney,kcroneyy@sciencedaily.com,Female,166.108.133.53
36,Ernst,Stear,estearz@ehow.com,Male,84.49.236.96
37,Austine,Kitlee,akitlee10@dion.ne.jp,Female,160.119.37.255
38,Bellanca,MacDunleavy,bmacdunleavy11@samsung.com,Female,75.147.74.142
39,Ernestus,Berni,eberni12@quantcast.com,Male,57.180.234.8
40,Leanora,McGeffen,lmcgeffen13@taobao.com,Female,204.237.132.10
41,Levey,Drury,ldrury14@bing.com,Male,119.70.254.137
42,Otho,Setford,osetford15@oakley.com,Male,86.104.198.35
43,Sigmund,Capoun,scapoun16@opera.com,Male,154.169.163.72
44,Aprilette,Klus,aklus17@wix.com,Female,61.159.233.136
45,Cullen,O'Bradden,cobradden18@foxnews.com,Male,251.109.58.60
46,Carolann,Poat,cpoat19@microsoft.com,Female,246.237.228.22
47,Al,Gibbings,agibbings1a@va.gov,Male,176.81.190.81
48,Gerhardt,Dearth,gdearth1b@hubpages.com,Male,19.95.149.121
49,Lawrence,Merriment,lmerriment1c@alexa.com,Male,43.204.85.243
50,Sheppard,Dubble,sdubble1d@prlog.org,Male,247.223.179.214
51,Millisent,Stote,mstote1e@twitter.com,Female,228.116.7.87
52,Stanleigh,Wayte,swayte1f@discovery.com,Male,192.58.203.228
53,Alvira,Vigar,avigar1g@skype.com,Female,244.31.218.210
54,Bren,Wilshaw,bwilshaw1h@noaa.gov,Male,173.21.247.114
55,Stella,Annandale,sannandale1i@ca.gov,Female,237.215.65.78
56,Ceciley,Louys,clouys1j@constantcontact.com,Female,67.136.27.182
57,Ezekiel,Allston,eallston1k@usa.gov,Male,173.95.240.23
58,Norine,Castleman,ncastleman1l@soup.io,Female,67.39.37.211
59,Nana,Gorrie,ngorrie1m@bravesites.com,Female,33.200.87.77
60,Dory,Veazey,dveazey1n@umich.edu,Female,21.26.242.11
61,Antonius,Grigs,agrigs1o@imdb.com,Male,49.108.241.15
62,Saree,Eliff,seliff1p@harvard.edu,Female,47.211.96.191
63,Francyne,Yeomans,fyeomans1q@nba.com,Female,151.188.72.56
64,North,Lawday,nlawday1r@unicef.org,Male,229.115.191.101
65,Dorolisa,Hendriksen,dhendriksen1s@sitemeter.com,Female,231.210.253.83
66,Sandro,Romeuf,sromeuf1t@baidu.com,Male,8.182.193.98
67,Rosalinda,Leckie,rleckie1u@china.com.cn,Female,212.215.250.131
68,Matthiew,Bossons,mbossons1v@seattletimes.com,Male,139.164.17.80
69,Brunhilda,Ridding,bridding1w@admin.ch,Female,94.156.121.8
70,Lettie,Osgorby,losgorby1x@princeton.edu,Female,135.90.64.219
71,Valene,Finessy,vfinessy1y@php.net,Female,154.232.127.144
72,Cosmo,Bartoszinski,cbartoszinski1z@who.int,Male,20.229.12.196
73,Danie,Imm,dimm20@hud.gov,Male,180.132.154.41
74,Nickie,Swinford,nswinford21@xrea.com,Female,217.29.202.186
75,Care,Dellatorre,cdellatorre22@ucla.edu,Male,21.32.203.193
76,Jennica,Axe,jaxe23@wikimedia.org,Female,118.13.112.60
77,Kris,Telega,ktelega24@java.com,Female,155.67.129.41
78,Alisander,Thecham,athecham25@blogspot.com,Male,104.160.13.248
79,Harp,Goligly,hgoligly26@etsy.com,Male,219.32.95.18
80,Kelsey,Geaveny,kgeaveny27@yandex.ru,Male,105.195.172.20
81,Nigel,Burnard,nburnard28@geocities.jp,Male,112.36.254.117
82,Ingemar,Stockow,istockow29@last.fm,Male,92.118.245.123
83,Jody,Cronk,jcronk2a@technorati.com,Female,170.164.145.139
84,Davin,Avis,davis2b@toplist.cz,Male,1.104.195.40
85,Reidar,Shier,rshier2c@odnoklassniki.ru,Male,15.220.117.36
86,Dewain,Shewon,dshewon2d@bbb.org,Male,132.186.197.154
87,Gaultiero,Hounson,ghounson2e@ucla.edu,Male,117.211.76.143
88,Willis,Bragg,wbragg2f@gnu.org,Male,40.166.103.189
89,Simona,Wisdish,swisdish2g@usgs.gov,Female,203.206.113.74
90,Saudra,Job,sjob2h@sohu.com,Female,73.241.52.91
91,Daryl,Kezar,dkezar2i@icq.com,Female,239.151.15.159
92,Marven,De la croix,mdelacroix2j@blogtalkradio.com,Male,237.146.69.40
93,Ange,McKechnie,amckechnie2k@discovery.com,Female,158.68.49.48
94,Redford,Keeping,rkeeping2l@rambler.ru,Male,65.217.77.55
95,Yoshi,De Lisle,ydelisle2m@wufoo.com,Female,139.105.20.245
96,Bernardina,Limeburn,blimeburn2n@cbslocal.com,Female,2.208.140.107
97,Urbano,Skitteral,uskitteral2o@amazonaws.com,Male,196.64.109.239
98,Adams,Carey,acarey2p@phpbb.com,Male,215.127.223.223
99,Aileen,Sywell,asywell2q@shutterfly.com,Female,108.95.195.36
100,Sigismondo,Barbour,sbarbour2r@so-net.ne.jp,Male,186.186.108.129
101,Butch,Sadd,bsadd2s@icq.com,Male,240.193.142.217
102,Agace,Mintoft,amintoft2t@answers.com,Female,179.138.250.215
103,Abagael,Peare,apeare2u@bbb.org,Female,223.68.189.98
104,Killian,Bird,kbird2v@si.edu,Male,175.101.90.17
105,Xylina,Epinay,xepinay2w@cdbaby.com,Female,207.92.160.235
106,Brock,Grund,bgrund2x@sina.com.cn,Male,83.212.75.97
107,Luke,Scarsbrick,lscarsbrick2y@yandex.ru,Male,243.81.105.252
108,Federica,Draycott,fdraycott2z@uol.com.br,Female,165.2.181.151
109,Lou,Esche,lesche30@sfgate.com,Female,178.160.128.187
110,Fionna,Badby,fbadby31@istockphoto.com,Female,239.40.236.168
111,Shalom,Lante,slante32@webs.com,Male,105.133.34.3
112,Nealy,Simyson,nsimyson33@unicef.org,Male,89.191.123.255
113,Evangelina,Moorey,emoorey34@livejournal.com,Female,149.207.241.161
114,Kakalina,Cole,kcole35@vkontakte.ru,Female,194.201.168.240
115,Katharyn,Stinchcombe,kstinchcombe36@tiny.cc,Female,67.240.62.198
116,Denis,Berndtsson,dberndtsson37@wordpress.com,Male,181.178.176.82
117,Gale,Samwaye,gsamwaye38@scribd.com,Female,186.105.61.169
118,Livia,Golsthorp,lgolsthorp39@berkeley.edu,Female,66.44.44.245
119,Aguie,Shemwell,ashemwell3a@noaa.gov,Male,148.11.223.180
120,Floris,Semechik,fsemechik3b@nih.gov,Female,141.3.235.251
121,Vitoria,Rockwill,vrockwill3c@w3.org,Female,96.23.242.226
122,Christiano,Dandison,cdandison3d@canalblog.com,Male,110.63.170.189
123,Dion,Grenter,dgrenter3e@ca.gov,Female,14.173.0.69
124,Milzie,Jocelyn,mjocelyn3f@upenn.edu,Female,145.206.10.132
125,Jacquelin,De Giorgio,jdegiorgio3g@yahoo.co.jp,Female,161.137.189.77
126,Aldo,Joriot,ajoriot3h@github.com,Male,243.115.251.254
127,Bald,Rudgerd,brudgerd3i@hostgator.com,Male,52.189.82.158
128,Cathy,Lehr,clehr3j@fema.gov,Female,131.70.45.11
129,Heall,O'Heaney,hoheaney3k@soup.io,Male,87.242.166.34
130,Brunhilda,Reichardt,breichardt3l@google.com.au,Female,86.144.35.214
131,Brigitta,Quilty,bquilty3m@lycos.com,Female,236.190.107.1
132,Dannel,Watkin,dwatkin3n@wp.com,Male,161.12.235.222
133,Filbert,Gantzman,fgantzman3o@naver.com,Male,31.39.114.150
134,Shandie,Scrowton,sscrowton3p@marriott.com,Female,48.169.95.209
135,Evelyn,Khrishtafovich,ekhrishtafovich3q@360.cn,Male,100.35.196.114
136,Ted,Grabiec,tgrabiec3r@google.es,Female,20.36.39.19
137,Homer,Woodham,hwoodham3s@freewebs.com,Male,80.229.88.232
138,Em,Pavier,epavier3t@opensource.org,Female,28.34.208.187
139,Dorris,Hernik,dhernik3u@zdnet.com,Female,150.220.52.220
140,Merle,Kinnen,mkinnen3v@slate.com,Female,37.0.246.3
141,Row,Tunniclisse,rtunniclisse3w@furl.net,Female,89.221.26.179
142,Garold,Amberger,gamberger3x@tmall.com,Male,71.30.100.208
143,Worth,McGhee,wmcghee3y@delicious.com,Male,239.88.149.153
144,Cobb,Iglesias,ciglesias3z@techcrunch.com,Male,93.192.61.115
145,Philippe,Walshe,pwalshe40@china.com.cn,Female,219.185.223.190
146,Mareah,Doneld,mdoneld41@ustream.tv,Female,12.175.141.237
147,Cassius,Lammerding,clammerding42@goo.ne.jp,Male,115.166.41.0
148,Ase,Joseland,ajoseland43@bing.com,Male,165.8.249.12
149,Lexy,Tift,ltift44@jugem.jp,Female,107.124.81.73
150,Ginelle,Rossant,grossant45@linkedin.com,Female,77.136.220.124
151,Baird,Fairey,bfairey46@studiopress.com,Male,96.87.89.220
152,Maud,Dittson,mdittson47@whitehouse.gov,Female,87.55.181.231
153,Janeva,Maty,jmaty48@msn.com,Female,141.127.2.123
154,Thornie,Boas,tboas49@unesco.org,Male,58.66.24.241
155,Guillaume,McAughtrie,gmcaughtrie4a@china.com.cn,Male,24.65.99.195
156,Cassius,Billyeald,cbillyeald4b@google.it,Male,109.216.16.205
157,Jerrilee,Padgham,jpadgham4c@discovery.com,Female,171.158.253.109
158,Thorpe,Beglin,tbeglin4d@uiuc.edu,Male,61.182.62.189
159,Brade,Vayro,bvayro4e@oaic.gov.au,Male,63.123.82.159
160,Ellerey,Dixie,edixie4f@fc2.com,Male,215.14.122.124
161,Cheryl,Seefus,cseefus4g@blogs.com,Female,100.113.42.11
162,Helaine,Orlton,horlton4h@yelp.com,Female,21.18.11.105
163,Kenyon,Haddon,khaddon4i@apple.com,Male,223.154.143.243
164,Stanislaus,Erb,serb4j@oracle.com,Male,134.71.147.228
165,Ashleigh,Duguid,aduguid4k@globo.com,Female,177.16.210.103
166,Lizette,Scarff,lscarff4l@networkadvertising.org,Female,245.54.94.155
167,Sam,Sturte,ssturte4m@umich.edu,Female,183.238.39.40
168,Blayne,Graves,bgraves4n@opera.com,Male,246.13.126.1
169,Jeddy,Gildea,jgildea4o@amazon.de,Male,156.164.49.198
170,Sandor,Jansson,sjansson4p@google.ca,Male,135.218.133.113
171,Hugibert,Spaduzza,hspaduzza4q@vimeo.com,Male,88.196.162.153
172,Allx,Musterd,amusterd4r@hexun.com,Female,203.38.163.49
173,Terry,Gilhooley,tgilhooley4s@tmall.com,Male,234.125.210.46
174,Trstram,Pert,tpert4t@cornell.edu,Male,206.44.200.206
175,Dalt,Blinerman,dblinerman4u@fastcompany.com,Male,188.223.126.26
176,Abelard,Theseira,atheseira4v@bloomberg.com,Male,62.62.171.236
177,Armand,Hillyatt,ahillyatt4w@answers.com,Male,27.40.36.145
178,Pammy,Stabbins,pstabbins4x@github.com,Female,135.4.120.74
179,Stevie,MacClinton,smacclinton4y@uiuc.edu,Male,168.124.45.124
180,Dalli,Tomaino,dtomaino4z@taobao.com,Male,242.77.207.237
181,Joey,MacShane,jmacshane50@cisco.com,Male,62.125.160.41
182,Georgina,Chasier,gchasier51@slashdot.org,Female,201.243.67.183
183,Ebenezer,Kincade,ekincade52@ebay.co.uk,Male,90.146.115.241
184,Phillipe,Espadero,pespadero53@bloglines.com,Male,250.30.84.254
185,Lydie,Kyttor,lkyttor54@angelfire.com,Female,5.130.74.15
186,Cliff,Bautiste,cbautiste55@cdc.gov,Male,20.30.55.35
187,Fabian,Comar,fcomar56@dion.ne.jp,Male,183.127.123.219
188,Barnett,Inskipp,binskipp57@drupal.org,Male,114.149.26.220
189,Teena,Leeburn,tleeburn58@tmall.com,Female,153.183.33.153
190,Kissiah,Frift,kfrift59@pbs.org,Female,241.207.255.82
191,Barb,McGrath,bmcgrath5a@qq.com,Female,95.42.26.207
192,Carolee,Wernher,cwernher5b@yale.edu,Female,27.163.169.168
193,Karlene,O'Crotty,kocrotty5c@answers.com,Female,30.220.157.58
194,Leora,Ranaghan,lranaghan5d@auda.org.au,Female,69.14.39.86
195,Lorena,Belz,lbelz5e@sciencedirect.com,Female,162.47.39.217
196,Maxie,Caramuscia,mcaramuscia5f@ucoz.com,Male,201.77.189.193
197,Maynard,Rizzardini,mrizzardini5g@bizjournals.com,Male,65.22.40.80
198,Viki,Hunting,vhunting5h@shutterfly.com,Female,140.61.66.232
199,Kimmy,Millgate,kmillgate5i@economist.com,Female,178.7.253.104
200,Flor,Bastard,fbastard5j@a8.net,Female,192.56.105.7
201,Andrei,Fotitt,afotitt5k@scribd.com,Female,116.88.104.68
202,Allistir,Ingerith,aingerith5l@myspace.com,Male,230.187.198.145
203,Maximilien,Creeboe,mcreeboe5m@virginia.edu,Male,142.172.26.52
204,Martin,Surgeon,msurgeon5n@cloudflare.com,Male,207.152.213.118
205,Sam,Proughten,sproughten5o@sohu.com,Female,246.153.88.254
206,Che,Hilldrop,chilldrop5p@tripadvisor.com,Male,61.37.140.189
207,Helge,Cammidge,hcammidge5q@dmoz.org,Female,147.123.183.40
208,Gerardo,Elacoate,gelacoate5r@apache.org,Male,89.94.97.142
209,Demetre,Druitt,ddruitt5s@aboutads.info,Male,218.120.214.88
210,Francesco,Nuttall,fnuttall5t@seesaa.net,Male,146.10.103.51
211,Malachi,Casseldine,mcasseldine5u@123-reg.co.uk,Male,11.174.128.101
212,Marysa,Tilson,mtilson5v@adobe.com,Female,74.229.207.54
213,Launce,Knapp,lknapp5w@booking.com,Male,230.54.37.6
214,Marys,Cloney,mcloney5x@google.de,Female,156.236.111.211
215,Justinn,Elder,jelder5y@nih.gov,Female,200.16.140.30
216,Tobey,Albasiny,talbasiny5z@adobe.com,Female,224.32.128.21
217,Moses,Houldey,mhouldey60@usgs.gov,Male,121.108.231.9
218,Wallache,Kanzler,wkanzler61@ow.ly,Male,184.186.228.161
219,Wade,Feek,wfeek62@canalblog.com,Male,164.120.191.221
220,Drona,Brooksby,dbrooksby63@npr.org,Female,98.211.103.124
221,Addie,Wozencroft,awozencroft64@dmoz.org,Male,124.121.224.144
222,Martelle,Quartermaine,mquartermaine65@house.gov,Female,49.250.133.57
223,Mercie,Skitterel,mskitterel66@digg.com,Female,219.119.249.33
224,Maribeth,McKernan,mmckernan67@edublogs.org,Female,12.124.166.38
225,Marjy,O'Toole,motoole68@google.cn,Female,188.137.192.76
226,Delbert,Butten,dbutten69@istockphoto.com,Male,12.96.169.214
227,Kandace,Crayker,kcrayker6a@sun.com,Female,43.180.179.145
228,Frans,Bewlie,fbewlie6b@mapy.cz,Male,2.103.202.154
229,Etan,Berrill,eberrill6c@alexa.com,Male,242.128.6.134
230,Bartlett,Menis,bmenis6d@cpanel.net,Male,203.229.214.161
231,Janie,Sharman,jsharman6e@multiply.com,Female,8.210.51.98
232,Sheela,Klugel,sklugel6f@usgs.gov,Female,227.61.147.237
233,Sullivan,Saywood,ssaywood6g@latimes.com,Male,153.42.152.226
234,Kaye,Spuner,kspuner6h@about.com,Female,92.61.63.200
235,Gifford,Curds,gcurds6i@indiegogo.com,Male,75.192.182.169
236,Amble,Feuell,afeuell6j@biglobe.ne.jp,Male,104.129.32.136
237,Manon,Hollidge,mhollidge6k@geocities.com,Female,125.83.249.3
238,Teriann,Kielty,tkielty6l@fc2.com,Female,18.185.186.60
239,Trenton,Pettengell,tpettengell6m@squarespace.com,Male,144.242.218.17
240,Gawain,Stileman,gstileman6n@altervista.org,Male,235.132.51.134
241,Jackie,Millins,jmillins6o@cam.ac.uk,Male,74.41.85.28
242,Ola,Cyples,ocyples6p@google.pl,Female,164.71.123.175
243,Kelby,Cayette,kcayette6q@cnn.com,Male,167.211.38.193
244,Isadore,Manifould,imanifould6r@businesswire.com,Male,67.150.246.128
245,Garnet,Trassler,gtrassler6s@amazon.com,Female,23.56.138.100
246,Chicky,Tremayle,ctremayle6t@e-recht24.de,Male,86.15.10.162
247,Jae,Orton,jorton6u@yolasite.com,Male,62.117.172.64
248,Estrellita,Brookzie,ebrookzie6v@skyrock.com,Female,59.219.129.211
249,Morton,Cullinan,mcullinan6w@webmd.com,Male,106.133.3.240
250,Rafael,Deniscke,rdeniscke6x@rediff.com,Male,171.126.148.9
251,Skip,Allmen,sallmen6y@disqus.com,Male,18.222.225.207
252,Morris,Bradborne,mbradborne6z@wired.com,Male,80.1.76.21
253,Rodd,Bullard,rbullard70@independent.co.uk,Male,152.44.24.223
254,Eliot,Petrishchev,epetrishchev71@bravesites.com,Male,51.143.111.78
255,Thaine,Paddington,tpaddington72@loc.gov,Male,176.32.223.209
256,Bordy,Mosedill,bmosedill73@soup.io,Male,183.13.129.66
257,Georg,Riatt,griatt74@bbc.co.uk,Male,52.197.255.218
258,Murdock,Denne,mdenne75@unesco.org,Male,98.252.248.240
259,Jenine,Mumbeson,jmumbeson76@goodreads.com,Female,47.169.212.107
260,Kippy,Spaduzza,kspaduzza77@comsenz.com,Male,51.16.46.207
261,Neddy,Stangroom,nstangroom78@vinaora.com,Male,14.125.217.252
262,Ade,Conibeer,aconibeer79@google.com.hk,Male,70.249.47.7
263,Torrin,Vondrys,tvondrys7a@instagram.com,Male,97.39.10.101
264,Esteban,Struijs,estruijs7b@gnu.org,Male,214.168.114.28
265,Dylan,Bisco,dbisco7c@goo.ne.jp,Male,57.154.230.112
266,Corbet,Darben,cdarben7d@youtube.com,Male,135.151.184.103
267,Gianni,Haxley,ghaxley7e@biglobe.ne.jp,Male,130.219.145.236
268,Neilla,Rosle,nrosle7f@ted.com,Female,153.70.174.43
269,Coop,Snary,csnary7g@uiuc.edu,Male,110.122.213.171
270,Stephana,Berntsson,sberntsson7h@usa.gov,Female,220.128.65.57
271,Natasha,Gerckens,ngerckens7i@java.com,Female,147.209.158.152
272,Beck,Lanaway,blanaway7j@naver.com,Male,247.133.215.163
273,Rosie,Guitte,rguitte7k@scribd.com,Female,86.56.99.6
274,Gerri,Bedwell,gbedwell7l@printfriendly.com,Male,61.214.221.187
275,Chic,Whittington,cwhittington7m@lycos.com,Male,93.136.0.104
276,Stevie,McAllaster,smcallaster7n@jigsy.com,Male,76.39.164.33
277,Dorie,Thandi,dthandi7o@dyndns.org,Male,208.16.137.129
278,Jsandye,Carreyette,jcarreyette7p@msn.com,Female,114.135.92.18
279,Noel,Lowcock,nlowcock7q@gnu.org,Female,157.42.46.72
280,Debora,O'Hagerty,dohagerty7r@sourceforge.net,Female,224.58.238.205
281,Dorene,Cardenosa,dcardenosa7s@hao123.com,Female,212.229.181.54
282,Lexis,Goldsbury,lgoldsbury7t@wikispaces.com,Female,59.87.159.190
283,Oralie,Moodey,omoodey7u@eventbrite.com,Female,64.20.56.107
284,Trista,Lang,tlang7v@cmu.edu,Female,121.68.149.84
285,Melly,Budget,mbudget7w@yandex.ru,Female,213.184.202.57
286,Chariot,Volante,cvolante7x@icio.us,Male,148.92.65.93
287,Olva,Braniff,obraniff7y@stumbleupon.com,Female,205.182.253.1
288,Lynelle,Danielczyk,ldanielczyk7z@soundcloud.com,Female,52.55.103.47
289,Merline,Went,mwent80@yellowbook.com,Female,60.248.153.36
290,Ailina,Lenihan,alenihan81@wsj.com,Female,227.242.135.90
291,Mechelle,Batterson,mbatterson82@ft.com,Female,157.80.43.43
292,Cristian,Barkshire,cbarkshire83@pagesperso-orange.fr,Male,71.48.147.45
293,Eddie,Gabbitis,egabbitis84@wisc.edu,Female,133.235.113.101
294,Ulrick,L'Amie,ulamie85@networkadvertising.org,Male,238.247.158.194
295,Marlane,Caesman,mcaesman86@mapquest.com,Female,17.251.40.127
296,Lorelle,Fullegar,lfullegar87@yandex.ru,Female,176.237.14.52
297,Lira,Rieger,lrieger88@tiny.cc,Female,244.237.222.223
298,Jacklin,Morsey,jmorsey89@hao123.com,Female,156.77.7.68
299,Brewster,Greatex,bgreatex8a@a8.net,Male,76.100.250.88
300,Cornie,Dyzart,cdyzart8b@unesco.org,Male,156.245.255.210
301,Rebecka,Rothera,rrothera8c@blog.com,Female,105.12.60.212
302,Sheppard,Jados,sjados8d@goo.ne.jp,Male,89.176.253.190
303,Alleen,Nore,anore8e@about.com,Female,112.159.105.5
304,Beverley,Trownson,btrownson8f@e-recht24.de,Female,31.66.22.104
305,Hastie,MacCrosson,hmaccrosson8g@edublogs.org,Male,239.191.88.97
306,Padgett,Sazio,psazio8h@ovh.net,Male,134.188.144.111
307,Izzy,Marsland,imarsland8i@nature.com,Male,0.88.126.141
308,Lind,Toffanini,ltoffanini8j@ning.com,Female,106.76.28.202
309,Ludovico,Duffan,lduffan8k@bandcamp.com,Male,150.230.36.70
310,Ninette,Rapin,nrapin8l@usatoday.com,Female,234.140.3.151
311,Montague,Grunson,mgrunson8m@biglobe.ne.jp,Male,2.230.11.255
312,Darryl,Okill,dokill8n@dot.gov,Female,135.21.59.157
313,Daron,Halfhyde,dhalfhyde8o@webnode.com,Female,93.201.143.213
314,Robbyn,Sprankling,rsprankling8p@sphinn.com,Female,111.176.244.122
315,Aura,Wolstenholme,awolstenholme8q@360.cn,Female,26.70.179.208
316,Felizio,Rother,frother8r@icio.us,Male,173.46.195.217
317,Read,Brine,rbrine8s@example.com,Male,127.194.16.66
318,Derek,Malins,dmalins8t@toplist.cz,Male,129.18.229.254
319,Slade,Clayfield,sclayfield8u@wikimedia.org,Male,132.95.185.221
320,Lyndsay,Christoffels,lchristoffels8v@nba.com,Female,220.109.103.14
321,Maxim,O' Brian,mobrian8w@vkontakte.ru,Male,132.145.136.152
322,Nat,Mattholie,nmattholie8x@timesonline.co.uk,Male,250.4.246.37
323,Linc,Beenham,lbeenham8y@ezinearticles.com,Male,198.30.247.125
324,Roxi,Tumayan,rtumayan8z@eventbrite.com,Female,168.95.187.26
325,Stanton,Franzke,sfranzke90@ameblo.jp,Male,182.193.242.118
326,Nick,Storch,nstorch91@businesswire.com,Male,15.55.240.146
327,Nikolaos,Songest,nsongest92@example.com,Male,215.94.186.112
328,Vick,Outhwaite,vouthwaite93@plala.or.jp,Male,10.192.17.240
329,Melvin,Winspar,mwinspar94@baidu.com,Male,219.224.175.133
330,Ronni,Pinn,rpinn95@sciencedirect.com,Female,236.80.180.207
331,Jamill,Riddeough,jriddeough96@independent.co.uk,Male,20.151.48.177
332,Wolf,Brymham,wbrymham97@feedburner.com,Male,28.75.206.182
333,Mimi,Comrie,mcomrie98@reddit.com,Female,93.89.33.139
334,Vivyanne,Lammenga,vlammenga99@yandex.ru,Female,168.106.111.91
335,Bridie,Clarke,bclarke9a@usa.gov,Female,176.254.58.208
336,Hale,Bentke,hbentke9b@goo.gl,Male,136.231.50.215
337,Purcell,Cundict,pcundict9c@eventbrite.com,Male,27.246.96.77
338,Corrianne,Coupe,ccoupe9d@chicagotribune.com,Female,208.123.171.56
339,Tiffani,Dumphries,tdumphries9e@symantec.com,Female,217.168.33.26
340,Perri,Screase,pscrease9f@businesswire.com,Female,35.26.158.2
341,Justus,Le-Good,jlegood9g@uiuc.edu,Male,214.73.234.51
342,Ezra,Ivic,eivic9h@desdev.cn,Male,50.232.52.26
343,Annadiana,Gibby,agibby9i@taobao.com,Female,245.111.42.220
344,Roselin,Roundtree,rroundtree9j@nymag.com,Female,0.99.92.43
345,Erna,Boards,eboards9k@wsj.com,Female,72.255.7.8
346,Shaun,Ovendale,sovendale9l@gmpg.org,Female,162.183.23.51
347,Marlowe,Kilban,mkilban9m@facebook.com,Male,176.249.224.92
348,Cornelius,Vales,cvales9n@hao123.com,Male,25.255.200.79
349,Kalil,Jorden,kjorden9o@engadget.com,Male,19.118.242.4
350,Minta,Waadenburg,mwaadenburg9p@mozilla.com,Female,134.130.180.136
351,Gilly,Evison,gevison9q@1und1.de,Female,214.132.181.188
352,Lily,Mouser,lmouser9r@google.com.br,Female,124.156.254.124
353,Jorey,Aisman,jaisman9s@economist.com,Female,89.193.206.240
354,Sheeree,Houndesome,shoundesome9t@oaic.gov.au,Female,107.205.195.231
355,Marc,Hansard,mhansard9u@cloudflare.com,Male,116.248.61.212
356,Bernadette,Edmott,bedmott9v@nytimes.com,Female,129.142.69.125
357,Manny,Imloch,mimloch9w@deliciousdays.com,Male,194.230.136.146
358,Mariellen,Briston,mbriston9x@gmpg.org,Female,241.71.37.139
359,Corissa,Albon,calbon9y@pcworld.com,Female,62.229.21.53
360,Laurene,Gulston,lgulston9z@youku.com,Female,238.101.183.184
361,Benny,Howison,bhowisona0@hugedomains.com,Female,206.1.71.117
362,Sybila,Kaman,skamana1@goodreads.com,Female,100.26.172.217
363,Devin,Hucke,dhuckea2@123-reg.co.uk,Male,229.171.116.68
364,Ealasaid,Lewnden,elewndena3@disqus.com,Female,60.93.75.194
365,Laetitia,Stovin,lstovina4@unblog.fr,Female,67.31.10.148
366,Hillery,O'Harney,hoharneya5@360.cn,Male,40.200.150.44
367,Emilia,Padmore,epadmorea6@cnn.com,Female,101.50.204.129
368,Billi,Springer,bspringera7@theglobeandmail.com,Female,242.217.91.85
369,Marjorie,Kort,mkorta8@whitehouse.gov,Female,33.113.107.85
370,Pryce,Hurdedge,phurdedgea9@adobe.com,Male,241.34.92.166
371,Vivien,McGeachie,vmcgeachieaa@marriott.com,Female,58.104.10.137
372,Virginie,Birdsall,vbirdsallab@netlog.com,Female,38.71.68.121
373,Roger,Danshin,rdanshinac@dagondesign.com,Male,245.215.172.99
374,Jaimie,Crossingham,jcrossinghamad@squidoo.com,Female,98.99.130.106
375,Durant,Edensor,dedensorae@patch.com,Male,99.180.115.92
376,Kipp,Guittet,kguittetaf@samsung.com,Male,120.186.136.44
377,Mathilda,Di Antonio,mdiantonioag@pagesperso-orange.fr,Female,174.173.115.149
378,Abbott,Pinniger,apinnigerah@nhs.uk,Male,33.153.205.70
379,Brandais,Kaubisch,bkaubischai@flickr.com,Female,117.66.226.87
380,Eldon,Kingdon,ekingdonaj@oakley.com,Male,116.117.11.11
381,Pippo,Dragge,pdraggeak@usgs.gov,Male,240.137.238.236
382,Tedi,Webber,twebberal@rakuten.co.jp,Female,190.85.59.234
383,Woody,Dayton,wdaytonam@feedburner.com,Male,196.10.131.15
384,Kendre,McChesney,kmcchesneyan@wikispaces.com,Female,178.115.252.93
385,Bartolemo,Playford,bplayfordao@xinhuanet.com,Male,18.211.88.71
386,Alanah,Massimi,amassimiap@hugedomains.com,Female,47.110.76.165
387,Rochelle,Mattson,rmattsonaq@gizmodo.com,Female,199.250.109.32
388,Alexandre,Norker,anorkerar@bluehost.com,Male,58.5.61.41
389,Mayne,Antonsson,mantonssonas@privacy.gov.au,Male,146.105.166.3
390,Torey,Grinsdale,tgrinsdaleat@sourceforge.net,Male,114.3.132.134
391,Christy,Tadman,ctadmanau@cnet.com,Female,226.195.120.214
392,Royce,Bartell,rbartellav@tuttocitta.it,Male,55.48.150.80
393,Quinn,Jeal,qjealaw@ucoz.ru,Male,190.161.60.228
394,Zelda,Macknish,zmacknishax@xinhuanet.com,Female,90.224.56.227
395,Danya,Biffin,dbiffinay@rediff.com,Male,210.132.27.136
396,Vicky,Zammett,vzammettaz@squarespace.com,Female,129.17.51.16
397,Johna,Willacot,jwillacotb0@chicagotribune.com,Female,124.228.240.105
398,Alphard,Kingsly,akingslyb1@cnn.com,Male,5.177.146.98
399,Pattin,Kinnard,pkinnardb2@prweb.com,Male,108.24.214.70
400,Elsworth,Sedgemond,esedgemondb3@harvard.edu,Male,54.114.90.187
401,Maye,Gheerhaert,mgheerhaertb4@wisc.edu,Female,244.7.141.226
402,Avigdor,Abramzon,aabramzonb5@ihg.com,Male,240.145.50.43
403,Garret,Ibbison,gibbisonb6@behance.net,Male,53.53.86.199
404,Myca,Dmitrovic,mdmitrovicb7@adobe.com,Male,192.167.125.29
405,Edgardo,Robarts,erobartsb8@ca.gov,Male,241.0.131.157
406,Roana,Arboin,rarboinb9@cnn.com,Female,61.115.251.24
407,Erv,Farrand,efarrandba@sun.com,Male,72.180.74.111
408,Clevey,Coxhead,ccoxheadbb@myspace.com,Male,197.44.105.14
409,Emmet,Stanfield,estanfieldbc@histats.com,Male,243.148.135.123
410,Lowell,Pikesley,lpikesleybd@privacy.gov.au,Male,29.240.247.232
411,Haily,Gildersleeve,hgildersleevebe@nba.com,Male,54.239.88.209
412,Lyndell,Lambert,llambertbf@unesco.org,Female,44.143.215.201
413,Giorgia,Roantree,groantreebg@networksolutions.com,Female,138.219.28.32
414,Vanny,Wardle,vwardlebh@europa.eu,Female,50.74.217.156
415,Bartlett,Josefsson,bjosefssonbi@naver.com,Male,237.178.87.72
416,Sadella,Matuschek,smatuschekbj@nytimes.com,Female,123.172.43.178
417,Nobie,Grinsted,ngrinstedbk@loc.gov,Male,107.25.179.198
418,Alexio,Schollick,aschollickbl@123-reg.co.uk,Male,83.180.179.62
419,Sargent,Glennie,sglenniebm@networksolutions.com,Male,224.254.93.37
420,Kassandra,Pignon,kpignonbn@home.pl,Female,249.44.168.60
421,Salvidor,Dimitrijevic,sdimitrijevicbo@stanford.edu,Male,105.32.93.80
422,Roddie,Caldecott,rcaldecottbp@sciencedirect.com,Male,101.216.150.25
423,Van,Gask,vgaskbq@samsung.com,Male,242.146.220.116
424,Gianni,Urlich,gurlichbr@auda.org.au,Male,250.90.53.226
425,Elsa,Weeks,eweeksbs@google.ca,Female,42.38.10.154
426,Louise,Rablen,lrablenbt@berkeley.edu,Female,1.194.254.101
427,Jessie,Corser,jcorserbu@jugem.jp,Female,237.39.167.64
428,Effie,Neilly,eneillybv@flickr.com,Female,24.34.121.54
429,Carissa,Witter,cwitterbw@netscape.com,Female,54.9.129.134
430,Dame,Urien,durienbx@purevolume.com,Male,165.31.233.125
431,Georgetta,Carp,gcarpby@surveymonkey.com,Female,133.247.2.135
432,Boy,Faloon,bfaloonbz@blogtalkradio.com,Male,169.190.89.81
433,Ferdinande,Stanaway,fstanawayc0@nba.com,Female,37.144.150.198
434,Gretta,Gehrts,ggehrtsc1@meetup.com,Female,207.109.235.168
435,Joly,Brounsell,jbrounsellc2@marriott.com,Female,43.123.60.170
436,North,Crosse,ncrossec3@odnoklassniki.ru,Male,197.119.85.71
437,Harvey,Baldetti,hbaldettic4@simplemachines.org,Male,139.178.179.9
438,Raddy,Bysouth,rbysouthc5@yolasite.com,Male,253.82.113.24
439,Jolynn,Wall,jwallc6@netscape.com,Female,178.96.100.235
440,Guinna,Honig,ghonigc7@gnu.org,Female,253.119.85.229
441,Armand,Strippel,astrippelc8@bloglovin.com,Male,90.212.164.104
442,Madlen,Maffei,mmaffeic9@uiuc.edu,Female,201.44.63.105
443,Zoe,Sumpter,zsumpterca@ftc.gov,Female,184.57.255.214
444,Lawry,Hymer,lhymercb@fastcompany.com,Male,226.102.176.36
445,Gabby,Gerrish,ggerrishcc@webeden.co.uk,Male,44.147.100.20
446,Dawn,Leabeater,dleabeatercd@google.de,Female,219.183.216.122
447,Agretha,Ewenson,aewensonce@theatlantic.com,Female,237.36.208.85
448,Ara,Marjot,amarjotcf@printfriendly.com,Male,215.106.235.139
449,Cornall,Maxted,cmaxtedcg@fc2.com,Male,121.187.242.156
450,Greggory,Ingrem,gingremch@macromedia.com,Male,169.77.124.197
451,Ozzy,Gleaves,ogleavesci@domainmarket.com,Male,231.122.81.130
452,Fayette,Gethen,fgethencj@instagram.com,Female,0.19.195.132
453,Dannye,Coster,dcosterck@umn.edu,Female,148.108.215.198
454,Hermie,Balducci,hbalduccicl@timesonline.co.uk,Male,245.180.192.80
455,Avery,Scheffel,ascheffelcm@weibo.com,Male,57.27.14.122
456,Alys,Gabbitus,agabbituscn@paginegialle.it,Female,197.19.159.101
457,Rafferty,Ovendale,rovendaleco@sbwire.com,Male,175.242.30.150
458,Malchy,Roma,mromacp@sogou.com,Male,86.77.128.169
459,Kurt,Boutellier,kboutelliercq@geocities.com,Male,19.240.94.16
460,Jacklin,Dalling,jdallingcr@alibaba.com,Female,123.172.224.191
461,Udall,Basillon,ubasilloncs@engadget.com,Male,144.229.149.141
462,Oliy,Launder,olaunderct@over-blog.com,Female,51.92.207.39
463,Cally,Vine,cvinecu@slideshare.net,Female,121.143.54.188
464,Olenka,Drover,odrovercv@nps.gov,Female,191.91.229.206
465,Ashla,Plester,aplestercw@facebook.com,Female,20.42.22.85
466,Alie,Wibrow,awibrowcx@mac.com,Female,193.119.124.223
467,Eduard,Kimber,ekimbercy@princeton.edu,Male,192.31.98.130
468,Katlin,MacCulloch,kmaccullochcz@shop-pro.jp,Female,226.126.240.127
469,Everard,Bouette,ebouetted0@wp.com,Male,224.148.138.230
470,Courtenay,Burghall,cburghalld1@google.ru,Female,132.126.7.60
471,Terry,Lantuffe,tlantuffed2@globo.com,Male,79.214.129.252
472,Adeline,Burstowe,aburstowed3@omniture.com,Female,129.113.176.129
473,Maybelle,Bosman,mbosmand4@abc.net.au,Female,148.177.223.50
474,Errol,Gobourn,egobournd5@linkedin.com,Male,62.170.202.33
475,Ed,Mottram,emottramd6@chicagotribune.com,Male,6.204.154.229
476,Emmalyn,Gossington,egossingtond7@bigcartel.com,Female,29.62.225.237
477,Nanni,Turvie,nturvied8@samsung.com,Female,96.71.241.184
478,Dawna,De Filippis,ddefilippisd9@auda.org.au,Female,37.80.28.83
479,Boonie,Brugger,bbruggerda@accuweather.com,Male,227.151.125.63
480,Mavis,Orford,morforddb@vistaprint.com,Female,66.88.108.139
481,Lizzy,Mees,lmeesdc@desdev.cn,Female,15.213.229.220
482,Marylee,Veldman,mveldmandd@wikispaces.com,Female,23.92.115.184
483,Wakefield,Gaskin,wgaskinde@china.com.cn,Male,133.185.98.241
484,Oliver,Lathleiff,olathleiffdf@yelp.com,Male,125.72.115.24
485,Pembroke,Edlestone,pedlestonedg@bluehost.com,Male,211.245.132.178
486,Hanan,Paolacci,hpaolaccidh@hhs.gov,Male,204.66.69.152
487,Gretchen,Heiner,gheinerdi@npr.org,Female,51.111.16.154
488,Frederigo,Liddiatt,fliddiattdj@cdc.gov,Male,175.95.167.215
489,Consalve,Glanders,cglandersdk@seesaa.net,Male,216.108.23.201
490,Quent,Quan,qquandl@si.edu,Male,18.192.19.48
491,Budd,Grummitt,bgrummittdm@paypal.com,Male,86.172.37.214
492,Huberto,Legrand,hlegranddn@reference.com,Male,198.210.24.76
493,Simmonds,Greenough,sgreenoughdo@msn.com,Male,227.212.125.71
494,Avis,Tomasello,atomasellodp@feedburner.com,Female,105.51.5.168
495,Henry,Beckitt,hbeckittdq@hhs.gov,Male,58.175.179.6
496,Lindon,Grogor,lgrogordr@etsy.com,Male,200.4.30.178
497,Lavina,Smallridge,lsmallridgeds@state.tx.us,Female,59.177.198.65
498,Antonio,d'Escoffier,adescoffierdt@cafepress.com,Male,159.223.188.169
499,Etta,Fannon,efannondu@tiny.cc,Female,93.89.65.18
500,Nikos,Biddiss,nbiddissdv@fotki.com,Male,181.185.175.208
501,Ilka,Stennings,istenningsdw@rediff.com,Female,157.30.141.157
502,Leo,Heinzler,lheinzlerdx@imdb.com,Male,133.213.7.105
503,Darn,Onion,doniondy@shop-pro.jp,Male,176.13.74.245
504,Nada,Headech,nheadechdz@chicagotribune.com,Female,130.172.83.227
505,Guthry,Hurtado,ghurtadoe0@engadget.com,Male,53.10.244.138
506,Flemming,Skeen,fskeene1@accuweather.com,Male,232.184.67.47
507,Bancroft,Vondra,bvondrae2@dailymail.co.uk,Male,47.116.108.191
508,Xylina,Jakeman,xjakemane3@ox.ac.uk,Female,149.17.223.176
509,Erica,Crotch,ecrotche4@wsj.com,Female,111.115.46.210
510,Alfred,Gwinnell,agwinnelle5@engadget.com,Male,129.245.164.231
511,Vivien,Logie,vlogiee6@ftc.gov,Female,255.119.18.71
512,Howard,Sibary,hsibarye7@artisteer.com,Male,223.194.143.130
513,Ernestine,Pauly,epaulye8@rakuten.co.jp,Female,92.245.113.235
514,Renard,Marcos,rmarcose9@youku.com,Male,199.173.141.132
515,Raffaello,Klimowski,rklimowskiea@hc360.com,Male,29.200.156.174
516,Britt,Milward,bmilwardeb@businessweek.com,Female,89.111.180.245
517,Dorotea,Bertot,dbertotec@yandex.ru,Female,167.166.199.179
518,Pascale,Beardsell,pbeardselled@who.int,Male,94.29.80.139
519,Lorenzo,Dymond,ldymondee@miitbeian.gov.cn,Male,49.75.202.162
520,Holt,Dimblebee,hdimblebeeef@sina.com.cn,Male,84.167.222.92
521,Hersch,Witter,hwittereg@goo.gl,Male,212.203.140.146
522,Derrick,Hedin,dhedineh@woothemes.com,Male,127.116.70.246
523,Isador,Tyne,ityneei@theatlantic.com,Male,227.0.58.196
524,Hernando,Pettigree,hpettigreeej@thetimes.co.uk,Male,197.10.62.231
525,Ciro,Boustead,cbousteadek@howstuffworks.com,Male,202.99.239.76
526,Levon,Barkley,lbarkleyel@zdnet.com,Male,54.166.172.193
527,Nolana,Sterricker,nsterrickerem@pcworld.com,Female,208.150.220.87
528,Juditha,Streader,jstreaderen@webs.com,Female,241.193.183.89
529,Humfrey,Eve,heveeo@ebay.co.uk,Male,10.211.230.20
530,Bebe,Fryd,bfrydep@dell.com,Female,22.158.152.157
531,Maxine,Mitchenson,mmitchensoneq@telegraph.co.uk,Female,75.241.35.123
532,Abey,Ruoss,aruosser@deviantart.com,Male,44.36.155.33
533,Siusan,Hanscombe,shanscombees@behance.net,Female,76.179.231.117
534,Mira,Smickle,msmickleet@imgur.com,Female,204.129.146.247
535,Ulysses,Papen,upapeneu@state.tx.us,Male,33.238.44.245
536,Willie,Jobe,wjobeev@oaic.gov.au,Female,53.32.97.165
537,Chariot,Bourton,cbourtonew@symantec.com,Male,203.41.106.146
538,Marty,Keighley,mkeighleyex@sfgate.com,Male,206.136.148.105
539,Regina,Mahedy,rmahedyey@amazon.co.uk,Female,115.177.8.106
540,Vally,Merida,vmeridaez@dedecms.com,Female,182.221.202.250
541,Amargo,Hirche,ahirchef0@foxnews.com,Female,242.245.243.171
542,Kendall,Gethouse,kgethousef1@nationalgeographic.com,Male,97.54.163.200
543,Yuma,Tall,ytallf2@geocities.com,Male,27.173.188.112
544,Cullen,Peachey,cpeacheyf3@blogger.com,Male,176.149.5.202
545,Otes,Vallantine,ovallantinef4@goo.ne.jp,Male,187.158.233.72
546,Lucho,Whinney,lwhinneyf5@twitpic.com,Male,161.51.23.64
547,Yank,Thoms,ythomsf6@taobao.com,Male,35.87.8.100
548,Shelia,Mertgen,smertgenf7@parallels.com,Female,207.233.95.13
549,Saba,Duberry,sduberryf8@nature.com,Female,84.16.153.245
550,Jessika,Cardenas,jcardenasf9@squidoo.com,Female,119.112.239.3
551,Devlin,Shearsby,dshearsbyfa@ox.ac.uk,Male,234.163.63.244
552,Donal,Crinage,dcrinagefb@reuters.com,Male,62.136.118.238
553,Hart,Sicily,hsicilyfc@qq.com,Male,216.144.50.42
554,Johannes,Kinneally,jkinneallyfd@google.ca,Male,32.41.159.182
555,Roobbie,Atherley,ratherleyfe@wix.com,Female,225.113.253.231
556,Biddy,Sumshon,bsumshonff@rediff.com,Female,198.165.167.124
557,Aldric,McGlaughn,amcglaughnfg@springer.com,Male,222.192.156.24
558,Tammie,Hovey,thoveyfh@mysql.com,Female,74.51.140.95
559,Angelico,Carlozzi,acarlozzifi@meetup.com,Male,84.224.31.125
560,Pietrek,Duckfield,pduckfieldfj@ow.ly,Male,185.110.17.7
561,Valerye,Keates,vkeatesfk@wix.com,Female,114.130.45.172
562,Arni,Sobieski,asobieskifl@loc.gov,Male,216.151.200.144
563,Bordy,Andrzej,bandrzejfm@canalblog.com,Male,38.102.118.120
564,Bailie,Deacock,bdeacockfn@lycos.com,Male,135.97.84.72
565,Bordie,Ruppeli,bruppelifo@merriam-webster.com,Male,117.17.202.216
566,Starlin,Lowthian,slowthianfp@cdbaby.com,Female,66.179.0.78
567,Waring,Iannetti,wiannettifq@canalblog.com,Male,255.94.101.92
568,Hamil,Hatrey,hhatreyfr@newsvine.com,Male,104.255.51.173
569,Wilone,Jorcke,wjorckefs@dot.gov,Female,195.134.154.5
570,Jade,Brede,jbredeft@google.co.uk,Female,123.245.75.45
571,Terra,Stutte,tstuttefu@joomla.org,Female,35.196.10.17
572,Cirstoforo,Kendall,ckendallfv@scientificamerican.com,Male,102.111.242.246
573,Harman,Ducroe,hducroefw@wikipedia.org,Male,224.4.30.104
574,Marni,Chatterton,mchattertonfx@tripadvisor.com,Female,48.244.180.3
575,Brittany,Orgee,borgeefy@constantcontact.com,Female,80.57.194.173
576,Vi,Smitheram,vsmitheramfz@ask.com,Female,96.226.95.155
577,Lisha,Vedenyakin,lvedenyaking0@theglobeandmail.com,Female,152.222.93.238
578,Jacky,Latek,jlatekg1@printfriendly.com,Male,4.104.241.26
579,Grayce,Kobpal,gkobpalg2@yale.edu,Female,203.129.14.131
580,Vivyan,Orrocks,vorrocksg3@eventbrite.com,Female,231.11.129.46
581,Eimile,Yankeev,eyankeevg4@jimdo.com,Female,202.32.168.221
582,Fons,Heibel,fheibelg5@imageshack.us,Male,65.239.66.92
583,Duke,Loachhead,dloachheadg6@amazon.com,Male,214.84.66.236
584,Joell,Ainslee,jainsleeg7@weibo.com,Female,87.111.160.73
585,Douglas,Chidgey,dchidgeyg8@ovh.net,Male,170.48.5.100
586,Zeb,Marquand,zmarquandg9@cnn.com,Male,171.98.202.74
587,Larry,Devitt,ldevittga@google.com,Male,38.212.142.142
588,Zak,Trice,ztricegb@hao123.com,Male,195.7.1.99
589,Milli,Lilliman,mlillimangc@bloomberg.com,Female,16.251.220.168
590,Melosa,Lambrook,mlambrookgd@jimdo.com,Female,65.192.30.168
591,Sutton,Walter,swalterge@nydailynews.com,Male,179.105.226.242
592,Carmita,Jacobovitz,cjacobovitzgf@last.fm,Female,164.205.219.7
593,Cullie,Spur,cspurgg@youku.com,Male,103.189.173.73
594,Clare,Newtown,cnewtowngh@who.int,Female,88.111.28.89
595,Byrle,Tetlow,btetlowgi@usda.gov,Male,233.65.67.2
596,Meggi,Georges,mgeorgesgj@nasa.gov,Female,86.89.179.136
597,Lemar,Mays,lmaysgk@statcounter.com,Male,38.122.126.30
598,Candice,Gallier,cgalliergl@netscape.com,Female,202.235.196.226
599,Obadias,Scamel,oscamelgm@skyrock.com,Male,143.228.223.215
600,Clemmy,Credland,ccredlandgn@google.com.br,Male,178.64.82.36
601,Fredek,Grotty,fgrottygo@wikimedia.org,Male,16.146.190.132
602,Drugi,Mayoh,dmayohgp@blogger.com,Male,122.200.102.5
603,Darsey,Gritland,dgritlandgq@apple.com,Female,79.252.252.104
604,Kenyon,McKoy,kmckoygr@yandex.ru,Male,145.93.21.234
605,Daveta,Ewell,dewellgs@bbc.co.uk,Female,214.69.28.213
606,Guilbert,Edington,gedingtongt@storify.com,Male,13.87.178.27
607,Silvio,Livesley,slivesleygu@bravesites.com,Male,64.238.215.96
608,Dasie,Caras,dcarasgv@ebay.com,Female,228.125.39.7
609,Emmey,Kinkead,ekinkeadgw@rambler.ru,Female,180.14.87.6
610,Cordy,Seamons,cseamonsgx@timesonline.co.uk,Female,231.224.197.10
611,Michaeline,Stockle,mstocklegy@ebay.co.uk,Female,42.114.222.146
612,Marion,Cawte,mcawtegz@4shared.com,Male,222.27.199.177
613,Adora,Antognazzi,aantognazzih0@ucla.edu,Female,135.205.103.27
614,Almira,Bartels,abartelsh1@clickbank.net,Female,204.22.253.163
615,Forrester,Ambrosetti,fambrosettih2@163.com,Male,3.215.132.231
616,Orsola,Farrow,ofarrowh3@unesco.org,Female,143.119.219.167
617,Janis,Adamsky,jadamskyh4@wiley.com,Female,141.185.14.114
618,Corty,Chasteney,cchasteneyh5@nydailynews.com,Male,49.26.70.126
619,Mellicent,Dobrowlski,mdobrowlskih6@cdc.gov,Female,198.163.176.197
620,Llywellyn,Sherwyn,lsherwynh7@google.es,Male,9.52.206.101
621,Etheline,Alabaster,ealabasterh8@mail.ru,Female,39.72.86.68
622,Derk,Mitham,dmithamh9@naver.com,Male,36.23.145.215
623,Nikita,Nemchinov,nnemchinovha@rediff.com,Male,180.177.188.85
624,Zacharia,Buss,zbusshb@sbwire.com,Male,169.205.74.125
625,Cynthia,Cruise,ccruisehc@dyndns.org,Female,77.72.121.149
626,Briney,Washtell,bwashtellhd@rakuten.co.jp,Female,168.209.6.187
627,Silvanus,Pechell,spechellhe@smugmug.com,Male,76.27.31.8
628,Augie,Minithorpe,aminithorpehf@independent.co.uk,Male,238.74.234.179
629,Alla,Flaherty,aflahertyhg@goo.gl,Female,46.6.158.125
630,Derek,Pellman,dpellmanhh@gov.uk,Male,42.92.8.143
631,Cathi,Jennaroy,cjennaroyhi@msn.com,Female,182.226.159.72
632,Catriona,Simoneau,csimoneauhj@ameblo.jp,Female,64.127.148.18
633,Virgie,Yosifov,vyosifovhk@eepurl.com,Female,104.248.21.18
634,Sam,McAsgill,smcasgillhl@ycombinator.com,Female,130.115.12.151
635,Lonnie,Pote,lpotehm@virginia.edu,Female,167.141.180.88
636,Wendel,Ambroz,wambrozhn@multiply.com,Male,81.91.24.157
637,Suzy,Michelin,smichelinho@earthlink.net,Female,162.230.5.51
638,Conway,Horsey,chorseyhp@nature.com,Male,134.47.233.172
639,Starr,Meriot,smeriothq@csmonitor.com,Female,49.188.134.70
640,Shelli,Guillford,sguillfordhr@cocolog-nifty.com,Female,7.67.56.62
641,Hyacinthe,Boness,hbonesshs@ox.ac.uk,Female,90.245.232.188
642,Loria,Skokoe,lskokoeht@google.ca,Female,70.247.161.209
643,Annalee,Taynton,atayntonhu@nasa.gov,Female,250.206.190.46
644,Holden,Lemmens,hlemmenshv@addthis.com,Male,41.246.195.196
645,Ginelle,Naughton,gnaughtonhw@sitemeter.com,Female,32.143.7.4
646,Woody,Sate,wsatehx@marriott.com,Male,65.81.54.172
647,Levin,McNally,lmcnallyhy@constantcontact.com,Male,8.85.35.120
648,Violetta,Aulsford,vaulsfordhz@privacy.gov.au,Female,243.117.38.94
649,Boycey,Billingsly,bbillingslyi0@naver.com,Male,194.27.131.210
650,Kacey,Di Boldi,kdiboldii1@ifeng.com,Female,203.165.218.160
651,Jerrilyn,Mather,jmatheri2@patch.com,Female,186.219.66.73
652,Aridatha,Hansen,ahanseni3@stanford.edu,Female,58.229.18.70
653,Arnaldo,Hawkslee,ahawksleei4@samsung.com,Male,55.221.163.8
654,Letitia,Raleston,lralestoni5@jimdo.com,Female,249.32.242.216
655,Dedra,Cashman,dcashmani6@cmu.edu,Female,86.250.161.69
656,Allis,Girardetti,agirardettii7@ebay.co.uk,Female,196.25.67.46
657,Flory,Leopold,fleopoldi8@sun.com,Male,124.129.59.23
658,Emmit,Tregunna,etregunnai9@wikispaces.com,Male,137.103.206.225
659,Lotty,Adamo,ladamoia@techcrunch.com,Female,76.220.83.244
660,Ugo,McCadden,umccaddenib@phoca.cz,Male,213.222.141.61
661,Jozef,McGunley,jmcgunleyic@soundcloud.com,Male,177.2.7.11
662,Chase,Pettecrew,cpettecrewid@ox.ac.uk,Male,25.238.175.226
663,Tarra,Waddilow,twaddilowie@netlog.com,Female,129.30.100.174
664,Anica,Knight,aknightif@house.gov,Female,102.205.81.145
665,Niels,Murney,nmurneyig@zdnet.com,Male,111.252.192.20
666,Cleopatra,Sergison,csergisonih@usa.gov,Female,227.117.125.120
667,Lanni,Budleigh,lbudleighii@is.gd,Female,118.7.230.237
668,Devon,Dormon,ddormonij@reddit.com,Female,214.183.154.240
669,Vaughan,Bickerdicke,vbickerdickeik@who.int,Male,214.30.194.26
670,Gerik,Metson,gmetsonil@ow.ly,Male,160.45.195.143
671,Krystalle,Thorby,kthorbyim@tripadvisor.com,Female,125.176.219.202
672,Sheffy,Oxlade,soxladein@google.it,Male,5.61.92.47
673,Betti,Greeveson,bgreevesonio@chicagotribune.com,Female,179.246.178.238
674,Roldan,Shackleford,rshacklefordip@digg.com,Male,226.14.49.33
675,Chadd,Hosburn,chosburniq@un.org,Male,255.170.110.56
676,Griff,Barhims,gbarhimsir@reference.com,Male,114.133.151.25
677,Winnie,Yantsurev,wyantsurevis@berkeley.edu,Male,165.183.213.165
678,Tessie,Espasa,tespasait@squidoo.com,Female,81.184.165.113
679,Roxana,Bedinham,rbedinhamiu@youku.com,Female,157.224.136.230
680,Lotta,Arnholdt,larnholdtiv@usnews.com,Female,157.156.36.7
681,Trumann,McGaughay,tmcgaughayiw@paypal.com,Male,108.200.72.218
682,Wylma,Auden,waudenix@moonfruit.com,Female,33.117.193.173
683,Gil,Dorbon,gdorboniy@uiuc.edu,Male,239.121.29.124
684,Rodger,Lyall,rlyalliz@dot.gov,Male,184.61.227.221
685,Aviva,Sloy,asloyj0@t-online.de,Female,213.192.228.42
686,Samson,Coathup,scoathupj1@wsj.com,Male,182.43.238.252
687,Frayda,Tackley,ftackleyj2@symantec.com,Female,52.78.37.87
688,Lorne,Gaish,lgaishj3@hao123.com,Male,205.76.177.62
689,Maryl,Healks,mhealksj4@chronoengine.com,Female,100.53.146.150
690,Sidonnie,Orr,sorrj5@jigsy.com,Female,78.205.7.207
691,Dore,Forestel,dforestelj6@drupal.org,Male,183.86.247.218
692,Violette,Braniff,vbraniffj7@xinhuanet.com,Female,140.176.146.53
693,Giuseppe,Spicer,gspicerj8@microsoft.com,Male,198.251.180.235
694,Lanie,MacWhan,lmacwhanj9@timesonline.co.uk,Male,255.226.98.92
695,Park,Masey,pmaseyja@shareasale.com,Male,179.12.239.106
696,Justis,Shepeard,jshepeardjb@cbsnews.com,Male,145.15.95.144
697,Doria,Russ,drussjc@ucsd.edu,Female,38.223.165.8
698,Rickie,Cammidge,rcammidgejd@mail.ru,Male,235.60.183.90
699,Zerk,Dwerryhouse,zdwerryhouseje@studiopress.com,Male,70.248.210.82
700,Roxane,Swede,rswedejf@amazon.com,Female,192.43.18.231
701,Bil,Cary,bcaryjg@forbes.com,Male,161.103.3.220
702,Sasha,St. Paul,sstpauljh@businesswire.com,Male,39.91.99.165
703,Zita,Quene,zqueneji@nydailynews.com,Female,166.79.8.58
704,Nickola,Sprigings,nsprigingsjj@technorati.com,Male,170.122.156.123
705,Reilly,Aloshkin,raloshkinjk@xrea.com,Male,11.25.235.249
706,Burke,Oldam,boldamjl@house.gov,Male,200.59.240.41
707,Kin,Tucknutt,ktucknuttjm@google.pl,Male,200.174.123.227
708,Merrilee,Dumbar,mdumbarjn@redcross.org,Female,229.17.26.52
709,Murry,Skerme,mskermejo@latimes.com,Male,71.245.205.108
710,Isador,Loweth,ilowethjp@chicagotribune.com,Male,18.50.197.145
711,Egan,Reisen,ereisenjq@lycos.com,Male,152.77.125.127
712,Sawyere,Vamplers,svamplersjr@mail.ru,Male,56.221.251.103
713,Carl,Husband,chusbandjs@amazon.co.uk,Male,114.14.33.231
714,Gauthier,Blaik,gblaikjt@hc360.com,Male,75.124.203.235
715,Lesley,Stell,lstellju@vistaprint.com,Female,161.175.16.89
716,Arlee,Leed,aleedjv@is.gd,Female,38.138.127.112
717,Collin,O' Mahony,comahonyjw@zimbio.com,Male,176.1.134.19
718,Isidora,Loadman,iloadmanjx@google.it,Female,12.126.111.228
719,Nancee,O'Brian,nobrianjy@weibo.com,Female,29.136.175.39
720,Noam,Danielsen,ndanielsenjz@nyu.edu,Male,132.150.158.188
721,Maureen,Shipperbottom,mshipperbottomk0@cafepress.com,Female,120.115.8.147
722,Amara,Loffhead,aloffheadk1@printfriendly.com,Female,75.200.129.243
723,Suzann,Delyth,sdelythk2@businessinsider.com,Female,34.186.143.116
724,Corilla,Sheldrake,csheldrakek3@mapquest.com,Female,107.36.74.236
725,Allsun,Devenport,adevenportk4@csmonitor.com,Female,234.188.235.174
726,Roth,Draycott,rdraycottk5@diigo.com,Male,246.7.209.105
727,Clem,Mowne,cmownek6@nhs.uk,Male,134.1.175.114
728,Rosy,Branscomb,rbranscombk7@sogou.com,Female,187.19.26.222
729,Alphonse,Rime,arimek8@reference.com,Male,13.84.200.193
730,Andy,Saffell,asaffellk9@amazonaws.com,Female,3.60.175.98
731,Lee,Sewill,lsewillka@cam.ac.uk,Male,254.242.82.114
732,Hashim,Emons,hemonskb@myspace.com,Male,61.184.60.231
733,Ivan,Tyne,itynekc@youku.com,Male,75.105.20.153
734,Jonathon,Scrivin,jscrivinkd@mit.edu,Male,180.104.229.16
735,Arvin,Le Provost,aleprovostke@angelfire.com,Male,131.159.73.195
736,Roi,Mattisssen,rmattisssenkf@sfgate.com,Male,13.146.192.107
737,Duff,Schoular,dschoularkg@slashdot.org,Male,115.61.243.87
738,Brandon,Hunnicutt,bhunnicuttkh@xinhuanet.com,Male,184.164.111.192
739,Chip,Ciccotto,cciccottoki@trellian.com,Male,182.77.122.246
740,Vania,Hitzmann,vhitzmannkj@omniture.com,Female,138.13.236.59
741,Prudence,Bettleson,pbettlesonkk@dagondesign.com,Female,209.50.144.189
742,Meaghan,Gascoine,mgascoinekl@ehow.com,Female,75.43.82.123
743,Hernando,Winpenny,hwinpennykm@oakley.com,Male,3.5.19.92
744,Ave,Goodenough,agoodenoughkn@time.com,Male,39.3.63.12
745,Karen,Franks,kfranksko@bandcamp.com,Female,111.144.150.84
746,Dunstan,Siveyer,dsiveyerkp@tripadvisor.com,Male,46.46.155.245
747,Koenraad,Filipson,kfilipsonkq@trellian.com,Male,62.102.100.241
748,Alexander,Clowley,aclowleykr@ucla.edu,Male,163.147.46.200
749,Odessa,Keaysell,okeaysellks@blogger.com,Female,239.250.104.40
750,Gaston,Ruff,gruffkt@wiley.com,Male,131.30.172.114
751,Waverly,Rubertis,wrubertisku@globo.com,Male,114.114.108.52
752,Hube,Shotboulte,hshotboultekv@zimbio.com,Male,124.243.250.110
753,Alford,Harefoot,aharefootkw@nps.gov,Male,172.150.172.254
754,Wells,Abden,wabdenkx@google.nl,Male,9.114.249.252
755,Bren,Dakers,bdakersky@stumbleupon.com,Female,45.73.238.243
756,Monroe,Waistell,mwaistellkz@netscape.com,Male,246.242.15.114
757,Garwin,Ditter,gditterl0@umn.edu,Male,222.158.71.107
758,Natty,Nudde,nnuddel1@reverbnation.com,Male,6.58.66.107
759,Regina,Morshead,rmorsheadl2@hhs.gov,Female,254.223.160.177
760,Falkner,Pendleton,fpendletonl3@dell.com,Male,158.40.3.101
761,Orlando,Windress,owindressl4@e-recht24.de,Male,182.142.188.217
762,Ondrea,Ingleton,oingletonl5@about.me,Female,235.221.90.231
763,Zebedee,McGuffog,zmcguffogl6@intel.com,Male,141.149.115.88
764,Cher,Lohrensen,clohrensenl7@icio.us,Female,213.250.116.211
765,Chickie,Wainscoat,cwainscoatl8@clickbank.net,Male,153.227.98.187
766,Ilse,Hemphill,ihemphilll9@rakuten.co.jp,Female,192.65.133.27
767,Chrissie,Riddett,criddettla@mysql.com,Male,253.147.35.15
768,Twyla,Caulliere,tcaullierelb@yelp.com,Female,137.20.3.249
769,Ravid,Darke,rdarkelc@constantcontact.com,Male,4.195.34.76
770,Pat,Sinderson,psindersonld@loc.gov,Male,147.199.89.125
771,Elliott,Martinat,emartinatle@paginegialle.it,Male,135.71.133.10
772,Hilary,Duxbury,hduxburylf@omniture.com,Male,60.214.22.26
773,Emerson,Biford,ebifordlg@yahoo.com,Male,102.186.128.77
774,Garold,Donaher,gdonaherlh@apache.org,Male,173.193.251.203
775,Alfie,Taplin,ataplinli@chicagotribune.com,Male,206.50.238.68
776,Fredek,Rizzardini,frizzardinilj@blogs.com,Male,37.192.182.180
777,Darin,Pindar,dpindarlk@usda.gov,Male,206.1.132.61
778,Zahara,Draper,zdraperll@mapy.cz,Female,34.72.179.32
779,Simonne,Oxenford,soxenfordlm@ow.ly,Female,25.127.42.236
780,Towney,Tibb,ttibbln@jalbum.net,Male,62.97.160.192
781,Garvy,Caze,gcazelo@prnewswire.com,Male,106.208.80.147
782,Saba,Foston,sfostonlp@home.pl,Female,27.88.134.27
783,Mead,Stallan,mstallanlq@ning.com,Male,187.110.148.162
784,Morgan,Ivison,mivisonlr@redcross.org,Male,165.212.110.46
785,Mirella,O'Hartnedy,mohartnedyls@freewebs.com,Female,19.44.109.37
786,Maisey,Shine,mshinelt@wiley.com,Female,20.147.185.35
787,Arel,Reese,areeselu@devhub.com,Male,24.110.182.168
788,Kele,Archer,karcherlv@furl.net,Male,90.15.172.130
789,Pauline,Fortman,pfortmanlw@cyberchimps.com,Female,70.61.138.246
790,Ivor,Peto,ipetolx@nyu.edu,Male,101.59.74.187
791,Stu,Bradbury,sbradburyly@posterous.com,Male,9.137.74.138
792,Adelheid,Waryk,awaryklz@jalbum.net,Female,147.251.187.207
793,Claus,McCreath,cmccreathm0@printfriendly.com,Male,101.18.215.162
794,Bettina,Alejandre,balejandrem1@ucla.edu,Female,193.1.240.79
795,Clem,Lehrian,clehrianm2@wikia.com,Female,124.243.34.10
796,Trueman,Handy,thandym3@creativecommons.org,Male,83.139.107.50
797,Huntlee,Trevear,htrevearm4@pinterest.com,Male,115.156.72.103
798,Ellwood,McLellan,emclellanm5@java.com,Male,81.223.84.50
799,Gabriellia,Peacock,gpeacockm6@google.ru,Female,192.195.53.163
800,Ellis,Stedmond,estedmondm7@mapquest.com,Male,20.131.98.141
801,Ira,Geeraert,igeeraertm8@state.gov,Male,130.126.68.52
802,Stephie,Tansill,stansillm9@netvibes.com,Female,185.139.164.77
803,Cathi,Rattery,cratteryma@vk.com,Female,164.172.95.152
804,Maisie,Philippart,mphilippartmb@cdbaby.com,Female,188.54.120.204
805,Hadleigh,Bourtoumieux,hbourtoumieuxmc@mlb.com,Male,59.22.106.107
806,Ravid,Goodison,rgoodisonmd@house.gov,Male,8.105.238.153
807,Dixie,Langshaw,dlangshawme@weebly.com,Female,40.194.127.227
808,Vin,Fibben,vfibbenmf@unicef.org,Male,209.237.204.153
809,Normie,Faldoe,nfaldoemg@naver.com,Male,174.188.215.107
810,Myra,Seakings,mseakingsmh@ted.com,Female,156.119.19.138
811,Steffane,Hatry,shatrymi@pen.io,Female,244.11.46.123
812,Cly,Bowley,cbowleymj@reddit.com,Male,29.21.56.108
813,Giana,Pessolt,gpessoltmk@reddit.com,Female,171.110.105.132
814,Lynea,Tie,ltieml@canalblog.com,Female,171.14.240.120
815,Coleman,Pierrepont,cpierrepontmm@jugem.jp,Male,217.157.84.235
816,Beverley,Bleackley,bbleackleymn@w3.org,Female,18.30.246.172
817,Florina,Ashborne,fashbornemo@blog.com,Female,30.143.36.149
818,Koral,D'Ambrogio,kdambrogiomp@tripadvisor.com,Female,162.172.63.138
819,Chicky,Kemme,ckemmemq@mtv.com,Male,71.213.24.165
820,Keith,Bampton,kbamptonmr@blogs.com,Male,242.23.85.168
821,Robbin,Hourstan,rhourstanms@techcrunch.com,Female,0.155.155.83
822,Rheta,Faircloth,rfairclothmt@state.gov,Female,20.212.195.125
823,Dorotea,Kohlerman,dkohlermanmu@theglobeandmail.com,Female,146.150.113.3
824,Devlin,Seamons,dseamonsmv@newsvine.com,Male,93.184.187.95
825,Anet,Minister,aministermw@dedecms.com,Female,142.201.79.106
826,Tobe,Garlinge,tgarlingemx@newsvine.com,Female,226.56.173.60
827,Viola,De Cleyne,vdecleynemy@bravesites.com,Female,124.67.241.162
828,Dalli,Penney,dpenneymz@ibm.com,Male,148.145.35.113
829,Willdon,Garroch,wgarrochn0@nih.gov,Male,33.185.34.71
830,Arte,Spadotto,aspadotton1@diigo.com,Male,240.46.80.239
831,Sal,Wanklyn,swanklynn2@simplemachines.org,Male,250.56.58.107
832,Wade,Wadley,wwadleyn3@addthis.com,Male,188.44.217.206
833,Albertina,Ranfield,aranfieldn4@businessweek.com,Female,19.8.56.47
834,Tomas,Hebborne,thebbornen5@wisc.edu,Male,128.36.65.99
835,Golda,Lamasna,glamasnan6@archive.org,Female,10.30.47.119
836,Alwyn,Guidoni,aguidonin7@mashable.com,Male,221.5.67.231
837,Rufe,Maunders,rmaundersn8@ucla.edu,Male,106.102.130.205
838,Alberto,Thow,athown9@eepurl.com,Male,144.134.63.136
839,Shellie,Rugiero,srugierona@simplemachines.org,Female,107.54.26.243
840,Uriah,Veillard,uveillardnb@npr.org,Male,143.247.20.21
841,Elvyn,McDuall,emcduallnc@cnet.com,Male,195.100.27.55
842,Mata,Madigan,mmadigannd@slideshare.net,Male,3.55.219.78
843,Fabiano,Tschierse,ftschiersene@paginegialle.it,Male,61.158.173.83
844,Franny,Jorez,fjoreznf@webeden.co.uk,Female,105.189.29.124
845,Danni,Morrilly,dmorrillyng@oaic.gov.au,Female,103.217.71.157
846,Currie,Draisey,cdraiseynh@sourceforge.net,Male,230.138.76.6
847,Hildagard,Rillett,hrillettni@devhub.com,Female,211.162.55.70
848,Janna,Croydon,jcroydonnj@hexun.com,Female,61.116.137.4
849,Donny,Ferraro,dferraronk@flickr.com,Female,114.108.182.48
850,Kaitlin,Sleford,kslefordnl@networkadvertising.org,Female,45.43.175.59
851,Brandyn,Adlard,badlardnm@ibm.com,Male,169.25.204.120
852,Sherwynd,Mosten,smostennn@pagesperso-orange.fr,Male,74.93.86.19
853,Darnell,Kener,dkenerno@google.com.hk,Male,171.147.113.11
854,Koralle,Duckfield,kduckfieldnp@cbc.ca,Female,215.90.240.224
855,Franny,Woltman,fwoltmannq@wunderground.com,Male,15.54.106.70
856,Shurlock,Scough,sscoughnr@flavors.me,Male,209.78.84.24
857,Phyllida,Elcy,pelcyns@about.com,Female,55.238.134.220
858,Farly,Moneti,fmonetint@odnoklassniki.ru,Male,131.202.131.182
859,Marlene,Dimmock,mdimmocknu@state.gov,Female,160.159.54.109
860,Kip,Glanville,kglanvillenv@umich.edu,Male,186.95.37.232
861,Morena,De Carlo,mdecarlonw@mail.ru,Female,228.164.44.16
862,Allyn,Liddall,aliddallnx@unblog.fr,Male,144.174.159.193
863,Jasmin,Heustace,jheustaceny@comcast.net,Female,146.211.177.36
864,Bastien,Peagrim,bpeagrimnz@baidu.com,Male,8.47.31.35
865,Ted,Battrick,tbattricko0@salon.com,Female,138.109.82.201
866,Ludovika,Faldo,lfaldoo1@sogou.com,Female,6.91.93.228
867,Julietta,Harron,jharrono2@flickr.com,Female,22.248.230.105
868,Rodi,Adcock,radcocko3@epa.gov,Female,63.41.186.69
869,Jacques,Oldridge,joldridgeo4@boston.com,Male,76.207.236.170
870,Chrystel,Jost,cjosto5@angelfire.com,Female,125.69.60.188
871,Patric,Neller,pnellero6@ftc.gov,Male,153.186.60.81
872,Worthy,Mattheissen,wmattheisseno7@unicef.org,Male,99.153.15.105
873,Nev,Pray,nprayo8@sciencedaily.com,Male,115.89.99.161
874,Amberly,Sirmon,asirmono9@diigo.com,Female,214.190.204.147
875,Pepillo,Blowen,pblowenoa@jugem.jp,Male,198.169.194.173
876,Aimee,Sutcliff,asutcliffob@google.it,Female,190.133.154.146
877,Nataline,Downey,ndowneyoc@edublogs.org,Female,45.108.216.4
878,Arel,Hinkensen,ahinkensenod@amazonaws.com,Male,255.152.66.187
879,Tatiania,Domney,tdomneyoe@nba.com,Female,54.51.73.102
880,Jacob,Bilbey,jbilbeyof@sfgate.com,Male,131.229.149.203
881,Nana,Aked,nakedog@home.pl,Female,239.253.57.141
882,Nataniel,Descroix,ndescroixoh@mediafire.com,Male,84.229.81.240
883,Eliot,Knoble,eknobleoi@washington.edu,Male,144.101.164.131
884,Brandtr,Jennemann,bjennemannoj@vinaora.com,Male,76.32.22.224
885,Jermaine,Foli,jfoliok@ning.com,Male,3.193.84.49
886,Obadias,Largen,olargenol@guardian.co.uk,Male,31.240.23.19
887,Whit,Luna,wlunaom@noaa.gov,Male,89.88.163.125
888,Niki,Caustic,ncausticon@chicagotribune.com,Female,24.80.248.122
889,Kelly,McFadin,kmcfadinoo@1und1.de,Male,74.34.211.154
890,Manuel,Durbyn,mdurbynop@storify.com,Male,86.36.110.7
891,Samuel,Groombridge,sgroombridgeoq@xrea.com,Male,227.43.57.36
892,Worden,Latliff,wlatliffor@photobucket.com,Male,17.23.113.115
893,Lavinie,Rannigan,lranniganos@ovh.net,Female,146.203.47.171
894,Thorin,Hebbs,thebbsot@godaddy.com,Male,152.226.203.166
895,Patrice,Collerd,pcollerdou@webmd.com,Female,178.136.83.60
896,Beau,Manvell,bmanvellov@cyberchimps.com,Male,171.154.227.182
897,Pooh,Bussey,pbusseyow@squarespace.com,Male,24.253.8.210
898,Amii,Dancy,adancyox@arstechnica.com,Female,17.59.50.115
899,Yolanda,Bastock,ybastockoy@va.gov,Female,5.116.118.248
900,Rosa,Spiby,rspibyoz@wikimedia.org,Female,105.146.37.233
901,Giffie,Gorman,ggormanp0@wikia.com,Male,134.201.29.67
902,Tommy,Chapelhow,tchapelhowp1@parallels.com,Female,221.11.211.254
903,Mel,Zuann,mzuannp2@devhub.com,Male,26.17.230.52
904,Annetta,Rentoll,arentollp3@phpbb.com,Female,191.57.97.127
905,Lori,Kleinsmuntz,lkleinsmuntzp4@seattletimes.com,Female,111.23.84.148
906,Esma,Greensite,egreensitep5@nature.com,Female,214.45.71.181
907,Melba,Cromblehome,mcromblehomep6@zimbio.com,Female,163.118.13.80
908,Guglielma,Charkham,gcharkhamp7@wikispaces.com,Female,135.76.34.102
909,Berna,Spillane,bspillanep8@tinypic.com,Female,29.72.16.28
910,Olav,Butler-Bowdon,obutlerbowdonp9@usnews.com,Male,229.115.168.61
911,Myrilla,Burkett,mburkettpa@wp.com,Female,26.191.52.91
912,Umberto,Santostefano.,usantostefanopb@upenn.edu,Male,71.255.41.245
913,Carey,Hove,chovepc@cnet.com,Male,24.237.152.98
914,Bob,Juzek,bjuzekpd@alibaba.com,Male,63.67.56.114
915,Nola,Bertelet,nberteletpe@ucoz.com,Female,29.207.2.245
916,Sergeant,Girdwood,sgirdwoodpf@cnn.com,Male,66.49.55.93
917,Roana,Veldstra,rveldstrapg@friendfeed.com,Female,172.1.95.190
918,Weylin,Krysiak,wkrysiakph@etsy.com,Male,154.142.188.33
919,Nester,Traise,ntraisepi@indiegogo.com,Male,232.218.252.142
920,Chuck,O'Shesnan,coshesnanpj@clickbank.net,Male,191.167.27.151
921,Fran,Keightley,fkeightleypk@angelfire.com,Male,131.16.98.74
922,Jeff,Sturror,jsturrorpl@comcast.net,Male,224.48.141.183
923,Oren,Hixson,ohixsonpm@chronoengine.com,Male,150.31.131.184
924,Ennis,Muggleton,emuggletonpn@ucla.edu,Male,27.206.164.11
925,Bennie,Rickertsen,brickertsenpo@wikia.com,Male,117.74.227.138
926,Edward,Kelwick,ekelwickpp@1688.com,Male,15.111.144.242
927,Ilsa,Jaggar,ijaggarpq@youku.com,Female,175.146.184.203
928,Skipper,Summerscales,ssummerscalespr@accuweather.com,Male,118.180.47.4
929,Anatol,Allewell,aallewellps@discovery.com,Male,161.156.25.240
930,Gavin,Wheldon,gwheldonpt@redcross.org,Male,129.130.68.2
931,Thom,Bickardike,tbickardikepu@si.edu,Male,200.189.174.231
932,Lorinda,Filgate,lfilgatepv@japanpost.jp,Female,175.48.239.247
933,Jone,Rawdales,jrawdalespw@reddit.com,Male,249.73.57.202
934,Pinchas,Billin,pbillinpx@toplist.cz,Male,218.112.194.215
935,Armando,Dovydenas,adovydenaspy@wiley.com,Male,123.164.234.85
936,Flory,Joao,fjoaopz@shop-pro.jp,Male,176.66.157.52
937,Ricardo,Langan,rlanganq0@list-manage.com,Male,107.133.28.142
938,Rona,Brussels,rbrusselsq1@hhs.gov,Female,230.162.215.225
939,Ram,Rowledge,rrowledgeq2@unc.edu,Male,170.82.95.172
940,Rex,Blowes,rblowesq3@trellian.com,Male,169.143.19.44
941,Shaine,Philippson,sphilippsonq4@geocities.jp,Female,164.73.69.133
942,Janifer,Slora,jsloraq5@gmpg.org,Female,214.205.54.190
943,Sharon,Lyness,slynessq6@senate.gov,Female,114.233.156.128
944,Daria,Fitzgerald,dfitzgeraldq7@independent.co.uk,Female,207.147.54.87
945,Ellen,Rops,eropsq8@shutterfly.com,Female,72.86.222.114
946,Arel,Bredbury,abredburyq9@google.pl,Male,54.76.23.29
947,Isaak,Cowton,icowtonqa@answers.com,Male,185.191.93.110
948,Olive,Tremblet,otrembletqb@github.com,Female,33.152.216.39
949,Lavena,Josefsson,ljosefssonqc@amazon.com,Female,156.170.168.42
950,Darrin,Griggs,dgriggsqd@newyorker.com,Male,175.107.158.156
951,Bridie,Skirvin,bskirvinqe@barnesandnoble.com,Female,233.190.226.58
952,Faber,Cradock,fcradockqf@state.tx.us,Male,195.254.179.142
953,Daloris,Bene,dbeneqg@dailymail.co.uk,Female,88.207.96.31
954,Shurlocke,Sherratt,ssherrattqh@cnbc.com,Male,230.249.108.154
955,Ignaz,Traill,itraillqi@e-recht24.de,Male,148.160.212.131
956,Guntar,Leborgne,gleborgneqj@scientificamerican.com,Male,230.164.23.123
957,Rancell,Arton,rartonqk@lulu.com,Male,195.194.121.54
958,Bendicty,O'Keefe,bokeefeql@bing.com,Male,218.175.21.219
959,Eli,Pandie,epandieqm@ox.ac.uk,Male,156.172.199.195
960,Eran,Papworth,epapworthqn@accuweather.com,Female,208.35.242.60
961,Boyd,Gorghetto,bgorghettoqo@usnews.com,Male,114.145.33.95
962,Marlo,Heminsley,mheminsleyqp@timesonline.co.uk,Female,121.128.234.176
963,Fonzie,Neaverson,fneaversonqq@purevolume.com,Male,91.56.4.93
964,Terrell,Coton,tcotonqr@wunderground.com,Male,34.26.89.148
965,Tarrah,Oswald,toswaldqs@businessweek.com,Female,210.253.68.20
966,Anastasia,MacMickan,amacmickanqt@netvibes.com,Female,193.232.133.202
967,Jori,Widdocks,jwiddocksqu@hibu.com,Female,77.22.139.56
968,Lory,Habercham,lhaberchamqv@elegantthemes.com,Female,117.123.174.34
969,Rozella,Letten,rlettenqw@si.edu,Female,150.224.242.95
970,Paxton,Dumberell,pdumberellqx@msn.com,Male,228.234.149.56
971,Lindsey,Jewson,ljewsonqy@apple.com,Male,179.163.230.43
972,Nicolai,Hassard,nhassardqz@nydailynews.com,Male,47.67.6.244
973,Adamo,Huscroft,ahuscroftr0@goodreads.com,Male,248.130.2.166
974,Kristo,Jirieck,kjirieckr1@de.vu,Male,30.221.202.46
975,Amandi,Myers,amyersr2@moonfruit.com,Female,132.151.93.57
976,Clayton,Ballaam,cballaamr3@economist.com,Male,243.7.214.145
977,Lew,Pidwell,lpidwellr4@privacy.gov.au,Male,97.41.135.228
978,Ferdinanda,Muriel,fmurielr5@nytimes.com,Female,235.234.232.56
979,Godard,Ishchenko,gishchenkor6@reverbnation.com,Male,53.110.11.194
980,Yevette,Tebbutt,ytebbuttr7@census.gov,Female,210.131.167.119
981,Matthaeus,Toyer,mtoyerr8@jiathis.com,Male,240.136.238.154
982,Robenia,Blake,rblaker9@yellowbook.com,Female,47.253.229.62
983,Cortie,Simonou,csimonoura@unblog.fr,Male,91.43.185.252
984,Osborn,Hardi,ohardirb@irs.gov,Male,180.118.156.24
985,Isis,Stuttard,istuttardrc@qq.com,Female,211.180.20.76
986,Terrie,Jobern,tjobernrd@hibu.com,Female,82.73.216.20
987,Giovanna,Dallison,gdallisonre@google.com.br,Female,28.34.210.55
988,Bondy,Rustidge,brustidgerf@businesswire.com,Male,19.4.29.107
989,Ellary,Vater,evaterrg@bing.com,Male,179.94.9.97
990,Janek,Reoch,jreochrh@yale.edu,Male,26.164.61.124
991,Timmy,Klazenga,tklazengari@slate.com,Female,124.207.42.170
992,Delphinia,Simonite,dsimoniterj@ox.ac.uk,Female,38.17.127.189
993,Kerwinn,O' Markey,komarkeyrk@elegantthemes.com,Male,70.113.210.227
994,Mendie,Lenz,mlenzrl@loc.gov,Male,83.0.62.238
995,Ardis,Rupke,arupkerm@a8.net,Female,162.67.151.46
996,Shaine,Lorriman,slorrimanrn@g.co,Female,115.217.240.179
997,Sherwynd,Nevins,snevinsro@tamu.edu,Male,20.161.1.42
998,Grange,Romayn,gromaynrp@paypal.com,Male,59.133.65.74
999,Tommi,Aldington,taldingtonrq@qq.com,Female,252.29.95.152
1000,Maurizio,Bastone,mbastonerr@elpais.com,Male,241.253.70.0
